{"BLEU1": 0.00953635198733803, "BLEU2": 0.46715575982947377, "BLEU3": -0.034546639306353794, "BLEU4": -0.28472342353388874, "CIDEr": 0.02945032441339207, "SPICE": 0.7817504803506108, "ROUGE": 0.022599888180902583, "METEOR": 0.2420483050334961}