{"BLEU1": 0.06679993033857672, "BLIP2Score": 0.8274333922692476, "CIDEr": -0.021775644060801347, "Exact noun overlap": 0.07592364139733229, "Fuzzy verb overlap": 0.01857124581057623, "PACScore": 0.291263618044046, "ROUGE": -0.0724533563543587, "RefCLIPScore": -0.16006389033030913, "polos": 0.6228690619075461}