{"forward": {"BLEU1": 0.06007694079754264, "BLEU4": 0.020575302319592953, "BLIP2Score": 0.8611831961915606, "CIDEr": -0.024265961505127054, "Exact noun overlap": 0.08825743355808705, "Fuzzy verb overlap": 0.024018279865127768, "PACScore": 0.29779482528820733, "ROUGE": -0.08610574893521386, "RefCLIPScore": -0.13504911829038574, "polos": 0.5921244380899091}, "backward": {"BLEU1": 0.0618036505694015, "BLIP2Score": 0.8574637300943649, "CIDEr": -0.020147187906328412, "CLIPScore": 0.21640674478947583, "Exact noun overlap": 0.07923269517833444, "Fuzzy verb overlap": 0.023335261648046807, "ROUGE": -0.07168972335494309, "RefCLIPScore": -0.4681832749518528, "RefPACScore": 0.4593095850032658, "polos": 0.5756891585208398}}